da,fr,Date Night Vocabulary,phrases-list
da,de,Meeting Your Partner's Family,practical-guide
da,it,Date Night Vocabulary,phrases-list
da,pl,50 Pet Names and Terms of Endearment,phrases-list
da,pl,Essential Phrases for Couples,phrases-list
da,tr,Date Night Vocabulary,phrases-list
da,ro,How to Say I Love You,how-to-say
da,ro,50 Pet Names and Terms of Endearment,phrases-list
da,ro,Meeting Your Partner's Family,practical-guide
da,sv,How to Say I Love You,how-to-say
da,no,Essential Phrases for Couples,phrases-list
da,no,Greetings and Farewells,phrases-list
da,el,How to Say I Love You,how-to-say
