cs,es,Meeting Your Partner's Family,practical-guide
cs,es,Date Night Vocabulary,phrases-list
cs,fr,50 Pet Names and Terms of Endearment,phrases-list
cs,de,50 Pet Names and Terms of Endearment,phrases-list
cs,it,50 Pet Names and Terms of Endearment,phrases-list
cs,it,Date Night Vocabulary,phrases-list
cs,it,Pronunciation Guide for Beginners,grammar-guide
cs,pt,How to Say I Love You,how-to-say
cs,pl,50 Pet Names and Terms of Endearment,phrases-list
cs,ru,50 Pet Names and Terms of Endearment,phrases-list
cs,uk,50 Pet Names and Terms of Endearment,phrases-list
cs,tr,Meeting Your Partner's Family,practical-guide
cs,tr,Greetings and Farewells,phrases-list
cs,ro,Meeting Your Partner's Family,practical-guide
cs,sv,How to Say I Love You,how-to-say
cs,el,50 Pet Names and Terms of Endearment,phrases-list
