sv,es,How to Say I Love You,how-to-say
sv,de,How to Say I Love You,how-to-say
sv,it,50 Romantic Phrases for Every Occasion,phrases-list
sv,nl,Meeting Your Partner's Family,practical-guide
sv,ru,How to Say I Love You,how-to-say
sv,ru,50 Pet Names and Terms of Endearment,phrases-list
sv,da,How to Say I Love You,how-to-say
sv,da,50 Pet Names and Terms of Endearment,phrases-list
sv,cs,How to Say I Love You,how-to-say
sv,cs,Meeting Your Partner's Family,practical-guide
sv,cs,Date Night Vocabulary,phrases-list
sv,el,Meeting Your Partner's Family,practical-guide
sv,el,Grammar Basics for Beginners,grammar-guide
