cs,es,meeting-your-partner-s-family
cs,es,date-night-vocabulary
cs,fr,pet-names-and-terms-of-endearment-50
cs,de,pet-names-and-terms-of-endearment-50
cs,it,pet-names-and-terms-of-endearment-50
cs,it,date-night-vocabulary
cs,it,pronunciation-guide-for-beginners
cs,pt,how-to-say-i-love-you
cs,pl,pet-names-and-terms-of-endearment-50
cs,ru,pet-names-and-terms-of-endearment-50
cs,uk,pet-names-and-terms-of-endearment-50
cs,tr,meeting-your-partner-s-family
cs,tr,greetings-and-farewells
cs,ro,meeting-your-partner-s-family
cs,sv,how-to-say-i-love-you
cs,el,pet-names-and-terms-of-endearment-50
